月份,评论数
2021-07,108045
2021-08,347263
2021-09,1631
2021-10,1270
2021-11,460
2021-12,557
2022-01,1594
2022-02,1217
2022-03,895
2022-04,1075
2022-05,832
2022-06,1553
2022-07,5278
2022-08,1334
2022-09,174
2022-10,233
2022-11,211
2022-12,477
2023-01,681
2023-02,373
2023-03,219
2023-04,384
2023-05,336
2023-06,367
2023-07,751
2023-08,366
2023-09,448
2023-10,381
2023-11,752
2023-12,139
2024-01,236
2024-02,409
2024-03,263
2024-04,580
2024-05,375
2024-06,562
2024-07,3437
2024-08,3196
2024-09,160
2024-10,155
2024-11,207
2024-12,202
2025-01,236
2025-02,264
2025-03,445
2025-04,24996
2025-05,4669
2025-06,22039
2025-07,13596
2025-08,3991
2025-09,1166
2025-10,183684
2025-11,22569
2025-12,8927
2026-01,9336
2026-02,3410608
2026-03,142694
2026-04,256819
2026-05,130764
2026-06,68448
2026-07,179479
2026-08,62884
